name,team,market_value_eur,player_id,dob,age,market_value,tm_player_id,nationality,last_update
Federico Losas,Club Atlético Platense,100000,661127,2002-03-28,23,100000,661127,,2025-10-17
Andrés Desábato,Club Atlético Platense,50000,596908,1990-03-30,35,50000,596908,,2025-10-17
Ignacio Vázquez,Club Atlético Platense,3000000,552635,1997-06-15,28,3000000,552635,,2025-10-17
Oscar Salomón,Club Atlético Platense,2500000,698323,1999-03-22,26,2500000,698323,,2025-10-17
Gonzalo Goñi,Club Atlético Platense,500000,594104,1998-08-16,27,500000,594104,,2025-10-17
Edgar Elizalde,Club Atlético Platense,250000,465677,2000-02-27,25,250000,465677,,2025-10-17
Tomás Silva,Club Atlético Platense,1300000,984072,2003-03-08,22,1300000,984072,,2025-10-17
Jonathan Bay,Club Atlético Platense,125000,360425,1993-02-01,32,125000,360425,,2025-10-17
Juan Ignacio Saborido,Club Atlético Platense,1700000,866094,1998-04-25,27,1700000,866094,,2025-10-17
Raúl Lozano,Club Atlético Platense,300000,613093,1997-09-02,28,300000,613093,,2025-10-17
Bautista Barros Schelotto,Club Atlético Platense,225000,852761,2000-01-13,25,225000,852761,,2025-10-17
Leonel Picco,Club Atlético Platense,3000000,663077,1998-10-22,26,3000000,663077,,2025-10-17
Rodrigo Herrera,Club Atlético Platense,2000000,842141,2000-08-02,25,2000000,842141,,2025-10-17
Felipe Bussio,Club Atlético Platense,25000,1285240,2004-06-16,21,25000,1285240,,2025-10-17
Marcos Portillo,Club Atlético Platense,1000000,966314,2000-01-31,25,1000000,966314,,2025-10-17
Enzo Roldán,Club Atlético Platense,500000,814970,2000-12-08,24,500000,814970,,2025-10-17
Franco Baldassarra,Club Atlético Platense,400000,655678,1998-09-29,27,400000,655678,,2025-10-17
Franco Zapiola,Club Atlético Platense,1000000,909349,2001-02-19,24,1000000,909349,,2025-10-17
Mauro Luna Diale,Club Atlético Platense,1000000,653266,1999-04-26,26,1000000,653266,,2025-10-17
Santiago Toloza,Club Atlético Platense,800000,995585,2002-10-28,22,800000,995585,,2025-10-17
Franco Minerva,Club Atlético Platense,500000,1268653,2006-01-31,19,500000,1268653,,2025-10-17
Rodrigo Márquez,Club Atlético Platense,150000,909735,2002-02-15,23,150000,909735,,2025-10-17
Guido Mainero,Club Atlético Platense,1800000,441270,1995-03-23,30,1800000,441270,,2025-10-17
Ignacio Schor,Club Atlético Platense,800000,840760,2000-08-04,25,800000,840760,,2025-10-17
Ronaldo Martínez,Club Atlético Platense,2500000,567736,1996-04-25,29,2500000,567736,,2025-10-17
Augusto Lotti,Club Atlético Platense,800000,406296,1996-06-10,29,800000,406296,,2025-10-17
Nicolás Orsini,Club Atlético Platense,600000,289149,1994-09-12,31,600000,289149,,2025-10-17
Maximiliano Rodríguez,Club Atlético Platense,500000,623947,2000-05-31,25,500000,623947,,2025-10-17
Conan Ledesma,CA River Plate,2200000,284342,1993-02-13,32,2200000,284342,,2025-10-17
Franco Armani,CA River Plate,700000,119634,1986-10-16,39,700000,119634,,2025-10-17
Lucas Martínez Quarta,CA River Plate,5000000,373373,1996-05-10,29,5000000,373373,,2025-10-17
Lautaro Rivero,CA River Plate,4000000,1261395,2003-11-01,21,4000000,1261395,,2025-10-17
Paulo Díaz,CA River Plate,4000000,271478,1994-08-25,31,4000000,271478,,2025-10-17
Sebastián Boselli,CA River Plate,3800000,898352,2003-12-04,21,3800000,898352,,2025-10-17
Juan Carlos Portillo,CA River Plate,3500000,830842,2000-05-18,25,3500000,830842,,2025-10-17
Federico Gattoni,CA River Plate,1300000,660735,1999-02-16,26,1300000,660735,,2025-10-17
Germán Pezzella,CA River Plate,1300000,113133,1991-06-27,34,1300000,113133,,2025-10-17
Marcos Acuña,CA River Plate,2000000,60410,1991-10-28,33,2000000,60410,,2025-10-17
Milton Casco,CA River Plate,100000,115183,1988-04-11,37,100000,115183,,2025-10-17
Gonzalo Montiel,CA River Plate,5000000,402733,1997-01-01,28,5000000,402733,,2025-10-17
Fabricio Bustos,CA River Plate,3800000,275381,1996-04-28,29,3800000,275381,,2025-10-17
Kevin Castaño,CA River Plate,8000000,857948,2000-09-29,25,8000000,857948,,2025-10-17
Enzo Pérez,CA River Plate,250000,56066,1986-02-22,39,250000,56066,,2025-10-17
Giuliano Galoppo,CA River Plate,4700000,567249,1999-06-18,26,4700000,567249,,2025-10-17
Matías Galarza Fonda,CA River Plate,3500000,661269,2002-02-11,23,3500000,661269,,2025-10-17
Santiago Lencina,CA River Plate,2500000,1289929,2005-09-04,20,2500000,1289929,,2025-10-17
Juan Fernando Quintero,CA River Plate,2000000,122582,1993-01-18,32,2000000,122582,,2025-10-17
Gonzalo Martínez,CA River Plate,1000000,281405,1993-06-13,32,1000000,281405,,2025-10-17
Nacho Fernández,CA River Plate,350000,50669,1990-01-12,35,350000,50669,,2025-10-17
Juan Cruz Meza,CA River Plate,300000,1231221,2008-03-14,17,300000,1231221,,2025-10-17
Maximiliano Meza,CA River Plate,2200000,282476,1992-12-15,32,2200000,282476,,2025-10-17
Ian Subiabre,CA River Plate,1200000,1074969,2007-01-01,18,1200000,1074969,,2025-10-17
Maximiliano Salas,CA River Plate,6000000,442231,1997-12-01,27,6000000,442231,,2025-10-17
Facundo Colidio,CA River Plate,6000000,491705,2000-01-04,25,6000000,491705,,2025-10-17
Sebastián Driussi,CA River Plate,6000000,294853,1996-02-09,29,6000000,294853,,2025-10-17
Miguel Borja,CA River Plate,2800000,211397,1993-01-26,32,2800000,211397,,2025-10-17
Agustín Ruberto,CA River Plate,2500000,1000688,2006-01-14,19,2500000,1000688,,2025-10-17
Bautista Dadín,CA River Plate,250000,1000691,2006-05-20,19,250000,1000691,,2025-10-17
Leandro Brey,CA Boca Juniors,1500000,982633,2002-09-21,23,1500000,982633,,2025-10-17
Agustín Marchesín,CA Boca Juniors,700000,54534,1988-03-16,37,700000,54534,,2025-10-17
Javier García,CA Boca Juniors,25000,7966,1987-01-29,38,25000,7966,,2025-10-17
Marco Pellegrino,CA Boca Juniors,4000000,776303,2002-07-18,23,4000000,776303,,2025-10-17
Lautaro Di Lollo,CA Boca Juniors,4000000,1019744,2004-03-10,21,4000000,1019744,,2025-10-17
Ayrton Costa,CA Boca Juniors,3200000,842910,1999-07-12,26,3200000,842910,,2025-10-17
Nicolás Figal,CA Boca Juniors,500000,334055,1994-04-03,31,500000,334055,,2025-10-17
Cristian Lema,CA Boca Juniors,125000,147128,1990-03-24,35,125000,147128,,2025-10-17
Mateo Mendía,CA Boca Juniors,100000,1197773,2004-02-03,21,100000,1197773,,2025-10-17
Lautaro Blanco,CA Boca Juniors,3800000,831161,1999-02-19,26,3800000,831161,,2025-10-17
Frank Fabra,CA Boca Juniors,200000,156561,1991-02-22,34,200000,156561,,2025-10-17
Juan Barinaga,CA Boca Juniors,3000000,701491,2000-10-10,25,3000000,701491,,2025-10-17
Lucas Blondel,CA Boca Juniors,1500000,503348,1996-09-14,29,1500000,503348,,2025-10-17
Luis Advíncula,CA Boca Juniors,300000,103890,1990-03-02,35,300000,103890,,2025-10-17
Leandro Paredes,CA Boca Juniors,5000000,166237,1994-06-29,31,5000000,166237,,2025-10-17
Milton Delgado,CA Boca Juniors,5000000,1236677,2005-06-16,20,5000000,1236677,,2025-10-17
Tomás Belmonte,CA Boca Juniors,4000000,483446,1998-05-27,27,4000000,483446,,2025-10-17
Ignacio Miramón,CA Boca Juniors,1500000,836518,2003-06-12,22,1500000,836518,,2025-10-17
Rodrigo Battaglia,CA Boca Juniors,900000,89297,1991-07-12,34,900000,89297,,2025-10-17
Camilo Rey Domenech,CA Boca Juniors,500000,1000671,2006-03-10,19,500000,1000671,,2025-10-17
Williams Alarcón,CA Boca Juniors,5000000,599552,2000-11-29,24,5000000,599552,,2025-10-17
Ander Herrera,CA Boca Juniors,500000,99343,1989-08-14,36,500000,99343,,2025-10-17
Malcom Braida,CA Boca Juniors,3500000,552185,1997-05-17,28,3500000,552185,,2025-10-17
Carlos Palacios,CA Boca Juniors,4000000,571219,2000-07-20,25,4000000,571219,,2025-10-17
Agustín Martegani,CA Boca Juniors,700000,732507,2000-05-20,25,700000,732507,,2025-10-17
Kevin Zenón,CA Boca Juniors,7000000,829966,2001-07-30,24,7000000,829966,,2025-10-17
Brian Aguirre,CA Boca Juniors,4000000,668549,2003-01-06,22,4000000,668549,,2025-10-17
Alan Velasco,CA Boca Juniors,3500000,661154,2002-07-27,23,3500000,661154,,2025-10-17
Lucas Janson,CA Boca Juniors,300000,238448,1994-08-16,31,300000,238448,,2025-10-17
Exequiel Zeballos,CA Boca Juniors,4500000,661132,2002-04-24,23,4500000,661132,,2025-10-17
Miguel Merentiel,CA Boca Juniors,6500000,481367,1996-02-24,29,6500000,481367,,2025-10-17
Milton Giménez,CA Boca Juniors,3500000,730779,1996-08-12,29,3500000,730779,,2025-10-17
Edinson Cavani,CA Boca Juniors,500000,48280,1987-02-14,38,500000,48280,,2025-10-17
Tomás Marchiori,CA Vélez Sarsfield,3800000,596909,1995-06-20,30,3800000,596909,,2025-10-17
Álvaro Montero,CA Vélez Sarsfield,1500000,292985,1995-03-29,30,1500000,292985,,2025-10-17
Lautaro Garzón,CA Vélez Sarsfield,125000,1171751,2003-07-30,22,125000,1171751,,2025-10-17
Emanuel Mammana,CA Vélez Sarsfield,2800000,275512,1996-02-10,29,2800000,275512,,2025-10-17
Aarón Quirós,CA Vélez Sarsfield,2700000,881010,2001-10-31,23,2700000,881010,,2025-10-17
Lisandro Magallán,CA Vélez Sarsfield,1500000,66736,1993-09-27,32,1500000,66736,,2025-10-17
Elías Gómez,CA Vélez Sarsfield,1300000,302139,1994-06-09,31,1300000,302139,,2025-10-17
Tomás Cavanagh,CA Vélez Sarsfield,125000,832090,2001-01-05,24,125000,832090,,2025-10-17
Joaquín García,CA Vélez Sarsfield,3000000,829433,2001-08-20,24,3000000,829433,,2025-10-17
Jano Gordon,CA Vélez Sarsfield,1200000,1285237,2004-06-16,21,1200000,1285237,,2025-10-17
Agustín Lagos,CA Vélez Sarsfield,700000,698551,2001-10-09,24,700000,698551,,2025-10-17
Claudio Baeza,CA Vélez Sarsfield,2000000,248346,1993-12-23,31,2000000,248346,,2025-10-17
Agustín Bouzat,CA Vélez Sarsfield,700000,422699,1994-03-28,31,700000,422699,,2025-10-17
Kevin Vázquez,CA Vélez Sarsfield,450000,1064181,2001-03-19,24,450000,1064181,,2025-10-17
Tobías Andrada,CA Vélez Sarsfield,700000,1384266,2007-02-02,18,700000,1384266,,2025-10-17
Rodrigo Aliendro,CA Vélez Sarsfield,500000,424045,1991-02-16,34,500000,424045,,2025-10-17
Leonel Roldán,CA Vélez Sarsfield,75000,1285239,2004-10-10,21,75000,1285239,,2025-10-17
Diego Valdés,CA Vélez Sarsfield,3500000,249776,1994-01-30,31,3500000,249776,,2025-10-17
Tomás Galván,CA Vélez Sarsfield,2500000,893850,2000-04-11,25,2500000,893850,,2025-10-17
Manuel Lanzini,CA Vélez Sarsfield,1000000,135853,1993-02-15,32,1000000,135853,,2025-10-17
Thiago Fernández,CA Vélez Sarsfield,5000000,1127730,2004-04-03,21,5000000,1127730,,2025-10-17
Matías Pellegrini,CA Vélez Sarsfield,1500000,606267,2000-03-11,25,1500000,606267,,2025-10-17
Maher Carrizo,CA Vélez Sarsfield,10000000,1162160,2006-02-19,19,10000000,1162160,,2025-10-17
Imanol Machuca,CA Vélez Sarsfield,2500000,829968,2000-01-15,25,2500000,829968,,2025-10-17
Francisco Pizzini,CA Vélez Sarsfield,1800000,213122,1993-09-19,32,1800000,213122,,2025-10-17
Florián Monzón,CA Vélez Sarsfield,2000000,756993,2001-01-03,24,2000000,756993,,2025-10-17
Braian Romero,CA Vélez Sarsfield,1200000,357937,1991-06-15,34,1200000,357937,,2025-10-17
Michael Santos,CA Vélez Sarsfield,600000,178107,1993-03-13,32,600000,178107,,2025-10-17
Dilan Godoy,CA Vélez Sarsfield,200000,1379348,2006-02-05,19,200000,1379348,,2025-10-17
Matías Arias,CA Vélez Sarsfield,50000,1379347,2007-05-08,18,50000,1379347,,2025-10-17
Guido Herrera,CA Talleres,2000000,230014,1992-02-29,33,2000000,230014,,2025-10-17
Javier Burrai,CA Talleres,250000,223888,1990-10-09,35,250000,223888,,2025-10-17
Santino Barbi,CA Talleres,200000,1197308,2005-06-14,20,200000,1197308,,2025-10-17
Rodrigo Guth,CA Talleres,2500000,492313,2000-11-10,24,2500000,492313,,2025-10-17
Santiago Fernández,CA Talleres,2500000,1106217,2005-03-30,20,2500000,1106217,,2025-10-17
Matías Catalán,CA Talleres,700000,237051,1992-08-19,33,700000,237051,,2025-10-17
Juan Gabriel Rodríguez,CA Talleres,700000,189448,1994-02-28,31,700000,189448,,2025-10-17
José Luis Palomino,CA Talleres,700000,125020,1990-01-05,35,700000,125020,,2025-10-17
Miguel Navarro,CA Talleres,2200000,509390,1999-02-26,26,2200000,509390,,2025-10-17
Gabriel Báez,CA Talleres,1000000,376858,1995-07-21,30,1000000,376858,,2025-10-17
Augusto Schott,CA Talleres,350000,670566,2000-01-17,25,350000,670566,,2025-10-17
Matías Galarza,CA Talleres,4000000,909737,2002-03-04,23,4000000,909737,,2025-10-17
Joaquín Mosqueira,CA Talleres,2000000,1118712,2004-11-01,20,2000000,1118712,,2025-10-17
Ulises Ortegoza,CA Talleres,2000000,654814,1997-04-19,28,2000000,654814,,2025-10-17
Juan Portilla,CA Talleres,3500000,585747,1998-09-12,27,3500000,585747,,2025-10-17
Mateo Cáceres,CA Talleres,400000,907835,2002-09-25,23,400000,907835,,2025-10-17
Matías Gómez,CA Talleres,100000,1150517,2005-11-23,19,100000,1150517,,2025-10-17
Emanuel Reynoso,CA Talleres,2200000,439626,1995-11-16,29,2200000,439626,,2025-10-17
Luis Sequeira,CA Talleres,1300000,668550,2003-01-08,22,1300000,668550,,2025-10-17
Rubén Botta,CA Talleres,500000,88542,1990-01-31,35,500000,88542,,2025-10-17
Luis Angulo,CA Talleres,2700000,885301,2004-03-23,21,2700000,885301,,2025-10-17
Rick,CA Talleres,2500000,645955,1999-09-02,26,2500000,645955,,2025-10-17
Valentín Depietri,CA Talleres,600000,697056,2000-10-31,24,600000,697056,,2025-10-17
Ignacio Alastra,CA Talleres,50000,1378149,2007-10-29,17,50000,1378149,,2025-10-17
Federico Girotti,CA Talleres,2200000,639149,1999-06-02,26,2200000,639149,,2025-10-17
Nahuel Bustos,CA Talleres,1800000,439629,1998-07-04,27,1800000,439629,,2025-10-17
Orlando Gill,CA San Lorenzo de Almagro,5000000,643259,2000-06-11,25,5000000,643259,,2025-10-17
Facundo Altamirano,CA San Lorenzo de Almagro,800000,362358,1996-03-21,29,800000,362358,,2025-10-17
Jhohan Romaña,CA San Lorenzo de Almagro,6000000,741963,1998-09-13,27,6000000,741963,,2025-10-17
Gastón Hernández,CA San Lorenzo de Almagro,3500000,665277,1998-01-19,27,3500000,665277,,2025-10-17
Daniel Herrera,CA San Lorenzo de Almagro,1200000,1250374,2004-02-06,21,1200000,1250374,,2025-10-17
Nery Domínguez,CA San Lorenzo de Almagro,200000,267413,1990-04-09,35,200000,267413,,2025-10-17
Elías Báez,CA San Lorenzo de Almagro,3000000,1160854,2004-10-18,20,3000000,1160854,,2025-10-17
Teo Rodríguez Pagano,CA San Lorenzo de Almagro,200000,1282698,2005-10-12,20,200000,1282698,,2025-10-17
Ezequiel Herrera,CA San Lorenzo de Almagro,2200000,966316,2003-01-22,22,2200000,966316,,2025-10-17
Nahuel Arias,CA San Lorenzo de Almagro,450000,1131419,2005-01-02,20,450000,1131419,,2025-10-17
Fabricio López,CA San Lorenzo de Almagro,50000,1123346,2002-11-21,22,50000,1123346,,2025-10-17
Ignacio Perruzzi,CA San Lorenzo de Almagro,2000000,1296409,2005-03-22,20,2000000,1296409,,2025-10-17
Nicolás Tripichio,CA San Lorenzo de Almagro,1500000,275614,1996-01-05,29,1500000,275614,,2025-10-17
Emanuel Cecchini,CA San Lorenzo de Almagro,400000,324946,1996-12-24,28,400000,324946,,2025-10-17
Francisco Perruzzi,CA San Lorenzo de Almagro,300000,963139,2001-02-09,24,300000,963139,,2025-10-17
Juan Rattalino,CA San Lorenzo de Almagro,200000,1296399,2004-06-23,21,200000,1296399,,2025-10-17
Manuel Insaurralde,CA San Lorenzo de Almagro,150000,627237,1999-01-31,26,150000,627237,,2025-10-17
Agustín Ladstatter,CA San Lorenzo de Almagro,100000,1296393,2005-06-05,20,100000,1296393,,2025-10-17
Facundo Gulli,CA San Lorenzo de Almagro,75000,1296404,2005-09-25,20,75000,1296404,,2025-10-17
Matías Reali,CA San Lorenzo de Almagro,2000000,984692,1997-11-14,27,2000000,984692,,2025-10-17
Ezequiel Cerutti,CA San Lorenzo de Almagro,200000,267882,1992-01-17,33,200000,267882,,2025-10-17
Andrés Vombergar,CA San Lorenzo de Almagro,3000000,486926,1994-11-20,30,3000000,486926,,2025-10-17
Alexis Cuello,CA San Lorenzo de Almagro,1800000,636783,2000-02-18,25,1800000,636783,,2025-10-17
Diego Herazo,CA San Lorenzo de Almagro,550000,384580,1996-04-14,29,550000,384580,,2025-10-17
Branco Salinardi,CA San Lorenzo de Almagro,200000,1296408,2007-04-26,18,200000,1296408,,2025-10-17
Facundo Cambeses,Racing Club,1700000,435001,1997-04-09,28,1700000,435001,,2025-10-17
Gabriel Arias,Racing Club,400000,54330,1987-09-13,38,400000,54330,,2025-10-17
Marco Di Césare,Racing Club,8000000,839029,2002-01-30,23,8000000,839029,,2025-10-17
Santiago Sosa,Racing Club,8000000,576026,1999-05-03,26,8000000,576026,,2025-10-17
Nazareno Colombo,Racing Club,3000000,688207,1999-03-20,26,3000000,688207,,2025-10-17
Franco Pardo,Racing Club,2300000,720716,1997-04-05,28,2300000,720716,,2025-10-17
Santiago Quirós,Racing Club,1000000,961786,2003-03-04,22,1000000,961786,,2025-10-17
Agustín García Basso,Racing Club,700000,269793,1992-03-26,33,700000,269793,,2025-10-17
Marcos Rojo,Racing Club,300000,93176,1990-03-20,35,300000,93176,,2025-10-17
Gabriel Rojas,Racing Club,3000000,471639,1997-06-22,28,3000000,471639,,2025-10-17
Fabián Sánchez,Racing Club,175000,830782,2001-08-17,24,175000,830782,,2025-10-17
Gastón Martirena,Racing Club,6000000,744324,2000-01-05,25,6000000,744324,,2025-10-17
Facundo Mura,Racing Club,1500000,642759,1999-03-23,26,1500000,642759,,2025-10-17
Bruno Zuculini,Racing Club,600000,115507,1993-04-02,32,600000,115507,,2025-10-17
Alan Forneris,Racing Club,350000,1240382,2005-01-28,20,350000,1240382,,2025-10-17
Juan Ignacio Nardoni,Racing Club,11000000,689211,2002-07-14,23,11000000,689211,,2025-10-17
Richard Sánchez,Racing Club,3000000,542344,1996-03-29,29,3000000,542344,,2025-10-17
Agustín Almendra,Racing Club,2800000,491698,2000-02-11,25,2800000,491698,,2025-10-17
Martín Barrios,Racing Club,500000,565981,1999-01-24,26,500000,565981,,2025-10-17
Ignacio Rodríguez,Racing Club,1700000,881014,2002-02-22,23,1700000,881014,,2025-10-17
Matías Zaracho,Racing Club,5000000,480774,1998-03-10,27,5000000,480774,,2025-10-17
Adrián Fernández,Racing Club,400000,877208,2001-05-20,24,400000,877208,,2025-10-17
Duván Vergara,Racing Club,3000000,413658,1996-09-09,29,3000000,413658,,2025-10-17
Tomás Conechny,Racing Club,2200000,401571,1998-03-30,27,2200000,401571,,2025-10-17
Santiago Solari,Racing Club,3000000,866059,1998-01-19,27,3000000,866059,,2025-10-17
Ramiro Degregorio,Racing Club,300000,1133078,2003-02-06,22,300000,1133078,,2025-10-17
Adrián Martínez,Racing Club,3500000,598769,1992-07-07,33,3500000,598769,,2025-10-17
Luciano Vietto,Racing Club,1500000,214316,1993-12-05,31,1500000,214316,,2025-10-17
Elías Torres,Racing Club,1500000,1014363,2001-03-02,24,1500000,1014363,,2025-10-17
Adrián Balboa,Racing Club,800000,252209,1994-01-19,31,800000,252209,,2025-10-17
Nahuel Losada,CA Lanús,3000000,323918,1993-04-17,32,3000000,323918,,2025-10-17
Lautaro Morales,CA Lanús,700000,576023,1999-12-16,25,700000,576023,,2025-10-17
Ronaldo Dejesús,CA Lanús,2000000,847074,2001-04-21,24,2000000,847074,,2025-10-17
Gonzalo Pérez,CA Lanús,700000,799594,2001-01-04,24,700000,799594,,2025-10-17
José Canale,CA Lanús,600000,402627,1996-07-20,29,600000,402627,,2025-10-17
Carlos Izquierdoz,CA Lanús,500000,116968,1988-11-03,36,500000,116968,,2025-10-17
Franco Ortellado,CA Lanús,175000,756985,2001-05-30,24,175000,756985,,2025-10-17
Ezequiel Muñoz,CA Lanús,75000,75127,1990-10-08,35,75000,75127,,2025-10-17
Sasha Marcich,CA Lanús,2000000,867621,1998-05-29,27,2000000,867621,,2025-10-17
Octavio Ontivero,CA Lanús,200000,1000668,2006-01-10,19,200000,1000668,,2025-10-17
Armando Méndez,CA Lanús,1000000,605648,1996-03-31,29,1000000,605648,,2025-10-17
Nicolás Morgantini,CA Lanús,375000,615253,1994-09-11,31,375000,615253,,2025-10-17
Brian Aguilar,CA Lanús,175000,891733,2003-04-13,22,175000,891733,,2025-10-17
Felipe Peña Biafore,CA Lanús,2200000,894194,2001-04-05,24,2200000,894194,,2025-10-17
Raúl Loaiza,CA Lanús,800000,260898,1994-06-08,31,800000,260898,,2025-10-17
Agustín Medina,CA Lanús,3000000,1294453,2006-10-24,18,3000000,1294453,,2025-10-17
Agustín Cardozo,CA Lanús,1500000,469762,1997-05-30,28,1500000,469762,,2025-10-17
Juan Ramírez,CA Lanús,250000,190756,1993-05-25,32,250000,190756,,2025-10-17
Ramiro Carrera,CA Lanús,1000000,282283,1993-10-24,31,1000000,282283,,2025-10-17
Marcelino Moreno,CA Lanús,5000000,456617,1995-06-25,30,5000000,456617,,2025-10-17
Franco Watson,CA Lanús,500000,654733,2002-07-25,23,500000,654733,,2025-10-17
Dylan Aquino,CA Lanús,1800000,1150206,2005-06-04,20,1800000,1150206,,2025-10-17
Lautaro Acosta,CA Lanús,25000,45307,1988-03-14,37,25000,45307,,2025-10-17
Eduardo Salvio,CA Lanús,1000000,84535,1990-07-13,35,1000000,84535,,2025-10-17
Alexis Segovia,CA Lanús,300000,1013913,2004-06-15,21,300000,1013913,,2025-10-17
Rodrigo Castillo,CA Lanús,2000000,984416,1999-02-26,26,2000000,984416,,2025-10-17
Walter Bou,CA Lanús,1500000,334233,1993-08-25,32,1500000,334233,,2025-10-17
Alexis Canelo,CA Lanús,350000,249789,1992-02-03,33,350000,249789,,2025-10-17
Bruno Cabrera,CA Lanús,200000,1235860,2003-05-21,22,200000,1235860,,2025-10-17
Felipe Zenobio,Club Atlético Tigre,3000000,826527,2000-05-22,25,3000000,826527,,2025-10-17
Tomás Sultani,Club Atlético Tigre,100000,724866,1998-06-22,27,100000,724866,,2025-10-17
Tomás Cardona,Club Atlético Tigre,1200000,422700,1995-10-10,30,1200000,422700,,2025-10-17
Alan Barrionuevo,Club Atlético Tigre,600000,865491,1997-01-02,28,600000,865491,,2025-10-17
Joaquín Laso,Club Atlético Tigre,275000,360797,1990-07-04,35,275000,360797,,2025-10-17
Ramón Arias,Club Atlético Tigre,250000,131095,1992-07-27,33,250000,131095,,2025-10-17
Tomás Fernández,Club Atlético Tigre,50000,1153735,2004-01-07,21,50000,1153735,,2025-10-17
Nahuel Banegas,Club Atlético Tigre,1200000,697041,1996-10-06,29,1200000,697041,,2025-10-17
Federico Álvarez,Club Atlético Tigre,400000,289117,1994-08-07,31,400000,289117,,2025-10-17
Diego Sosa,Club Atlético Tigre,350000,464365,1997-07-28,28,350000,464365,,2025-10-17
Ángelo Marchese,Club Atlético Tigre,75000,1264276,2004-08-02,21,75000,1264276,,2025-10-17
Martín Ortega,Club Atlético Tigre,1500000,663118,1999-08-20,26,1500000,663118,,2025-10-17
Martín Garay,Club Atlético Tigre,1000000,696730,1999-06-12,26,1000000,696730,,2025-10-17
Guillermo Soto,Club Atlético Tigre,500000,534909,1994-01-19,31,500000,534909,,2025-10-17
Valentín Moreno,Club Atlético Tigre,100000,1238749,2003-02-19,22,100000,1238749,,2025-10-17
Bruno Leyes,Club Atlético Tigre,1800000,910641,2001-10-30,23,1800000,910641,,2025-10-17
Jalil Elías,Club Atlético Tigre,1700000,376859,1996-04-25,29,1700000,376859,,2025-10-17
Julián López,Club Atlético Tigre,1000000,625203,2000-01-08,25,1000000,625203,,2025-10-17
Jabes Saralegui,Club Atlético Tigre,3000000,1174943,2003-04-12,22,3000000,1174943,,2025-10-17
Santiago González,Club Atlético Tigre,2500000,1249779,2003-05-03,22,2500000,1249779,,2025-10-17
Simón Rivero,Club Atlético Tigre,500000,912009,2003-04-16,22,500000,912009,,2025-10-17
Gonzalo Piñeiro,Club Atlético Tigre,150000,1011262,2000-10-03,25,150000,1011262,,2025-10-17
Sebastián Medina,Club Atlético Tigre,300000,840774,2000-03-15,25,300000,840774,,2025-10-17
Elías Cabrera,Club Atlético Tigre,1200000,668513,2003-02-25,22,1200000,668513,,2025-10-17
Blas Armoa,Club Atlético Tigre,700000,491603,2000-02-03,25,700000,491603,,2025-10-17
Héctor Fértoli,Club Atlético Tigre,600000,424024,1994-12-03,30,600000,424024,,2025-10-17
Braian Martínez,Club Atlético Tigre,500000,739995,1999-08-18,26,500000,739995,,2025-10-17
Ignacio Russo,Club Atlético Tigre,2500000,833130,2000-12-13,24,2500000,833130,,2025-10-17
David Romero,Club Atlético Tigre,700000,668512,2003-03-25,22,700000,668512,,2025-10-17
Alfio Oviedo,Club Atlético Tigre,400000,518354,1995-12-18,29,400000,518354,,2025-10-17
Fernando Muslera,Club Estudiantes de La Plata,800000,58088,1986-06-16,39,800000,58088,,2025-10-17
Fabricio Iacovich,Club Estudiantes de La Plata,200000,1050051,2002-01-29,23,200000,1050051,,2025-10-17
Santiago Núñez,Club Estudiantes de La Plata,2500000,959208,2000-04-29,25,2500000,959208,,2025-10-17
Facundo Rodríguez,Club Estudiantes de La Plata,800000,663491,2000-02-26,25,800000,663491,,2025-10-17
Leandro González Pírez,Club Estudiantes de La Plata,400000,113130,1992-02-26,33,400000,113130,,2025-10-17
Juan Cruz Guasone,Club Estudiantes de La Plata,200000,832977,2001-03-27,24,200000,832977,,2025-10-17
Valente Pierani,Club Estudiantes de La Plata,200000,1000685,2006-02-22,19,200000,1000685,,2025-10-17
Ramiro Funes Mori,Club Estudiantes de La Plata,125000,11111,1991-03-05,34,125000,11111,,2025-10-17
Santiago Arzamendia,Club Estudiantes de La Plata,2000000,520947,1998-05-05,27,2000000,520947,,2025-10-17
Gastón Benedetti,Club Estudiantes de La Plata,1800000,843156,2001-03-29,24,1800000,843156,,2025-10-17
Eric Meza,Club Estudiantes de La Plata,2000000,830857,1999-04-08,26,2000000,830857,,2025-10-17
Román Gómez,Club Estudiantes de La Plata,400000,1241022,2004-07-14,21,400000,1241022,,2025-10-17
Santiago Ascacíbar,Club Estudiantes de La Plata,7000000,423436,1997-02-25,28,7000000,423436,,2025-10-17
Gabriel Neves,Club Estudiantes de La Plata,2000000,454181,1997-08-11,28,2000000,454181,,2025-10-17
Ezequiel Piovi,Club Estudiantes de La Plata,1000000,487346,1992-08-20,33,1000000,487346,,2025-10-17
Cristian Medina,Club Estudiantes de La Plata,8000000,661133,2002-06-01,23,8000000,661133,,2025-10-17
Alexis Castro,Club Estudiantes de La Plata,1500000,364602,1994-10-18,30,1500000,364602,,2025-10-17
Mikel Amondarain,Club Estudiantes de La Plata,500000,1283311,2005-01-06,20,500000,1283311,,2025-10-17
Facundo Farías,Club Estudiantes de La Plata,3000000,728221,2002-08-28,23,3000000,728221,,2025-10-17
José Sosa,Club Estudiantes de La Plata,100000,20137,1985-06-19,40,100000,20137,,2025-10-17
Edwuin Cetré,Club Estudiantes de La Plata,2200000,470390,1998-01-01,27,2200000,470390,,2025-10-17
Joaquín Tobio Burgos,Club Estudiantes de La Plata,2000000,1298369,2004-12-14,20,2000000,1298369,,2025-10-17
Tiago Palacios,Club Estudiantes de La Plata,4500000,755457,2001-03-28,24,4500000,755457,,2025-10-17
Leo Suárez,Club Estudiantes de La Plata,2500000,294894,1996-03-30,29,2500000,294894,,2025-10-17
Fabricio Pérez,Club Estudiantes de La Plata,100000,1298374,2005-12-07,19,100000,1298374,,2025-10-17
Lucas Alario,Club Estudiantes de La Plata,400000,193782,1992-10-08,33,400000,193782,,2025-10-17
Guido Carrillo,Club Estudiantes de La Plata,350000,184672,1991-05-25,34,350000,184672,,2025-10-17
Juan Espínola,CA Newell's Old Boys,800000,532557,1994-11-02,30,800000,532557,,2025-10-17
Lucas Hoyos,CA Newell's Old Boys,250000,75462,1989-04-29,36,250000,75462,,2025-10-17
Williams Barlasina,CA Newell's Old Boys,150000,836282,1998-06-29,27,150000,836282,,2025-10-17
Luca Sosa,CA Newell's Old Boys,1000000,421718,1994-06-11,31,1000000,421718,,2025-10-17
Saúl Salcedo,CA Newell's Old Boys,1000000,353035,1997-08-29,28,1000000,353035,,2025-10-17
Fabián Noguera,CA Newell's Old Boys,900000,267431,1993-03-20,32,900000,267431,,2025-10-17
Victor Cuesta,CA Newell's Old Boys,300000,104326,1988-11-19,36,300000,104326,,2025-10-17
Luciano Lollo,CA Newell's Old Boys,75000,76153,1987-03-29,38,75000,76153,,2025-10-17
Alejo Tabares,CA Newell's Old Boys,350000,756988,2001-06-20,24,350000,756988,,2025-10-17
Martín Luciano,CA Newell's Old Boys,150000,883670,2003-08-12,22,150000,883670,,2025-10-17
Brian Calderara,CA Newell's Old Boys,125000,830111,1998-01-10,27,125000,830111,,2025-10-17
Alejo Montero,CA Newell's Old Boys,800000,649998,1998-05-05,27,800000,649998,,2025-10-17
Jherson Mosquera,CA Newell's Old Boys,450000,638623,1999-09-18,26,450000,638623,,2025-10-17
Luca Regiardo,CA Newell's Old Boys,500000,1328380,2006-10-23,18,500000,1328380,,2025-10-17
Martín Fernández,CA Newell's Old Boys,400000,670341,2001-05-08,24,400000,670341,,2025-10-17
Valentino Acuña,CA Newell's Old Boys,300000,1074966,2006-01-27,19,300000,1074966,,2025-10-17
Éver Banega,CA Newell's Old Boys,750000,12249,1988-06-29,37,750000,12249,,2025-10-17
David Sotelo,CA Newell's Old Boys,300000,1061839,2003-07-30,22,300000,1061839,,2025-10-17
Lisandro Montenegro,CA Newell's Old Boys,75000,978974,2003-03-27,22,75000,978974,,2025-10-17
Gaspar Iñíguez,CA Newell's Old Boys,25000,189432,1994-03-26,31,25000,189432,,2025-10-17
Gonzalo Maroni,CA Newell's Old Boys,2800000,441385,1999-03-18,26,2800000,441385,,2025-10-17
Jerónimo Gómez Mattar,CA Newell's Old Boys,250000,1241453,2008-08-07,17,250000,1241453,,2025-10-17
Pablo Altamirano,CA Newell's Old Boys,50000,1291795,2005-01-30,20,50000,1291795,,2025-10-17
Josué Colmán,CA Newell's Old Boys,2000000,401726,1998-07-25,27,2000000,401726,,2025-10-17
Franco Orozco,CA Newell's Old Boys,1500000,661140,2002-01-09,23,1500000,661140,,2025-10-17
Luciano Herrera,CA Newell's Old Boys,1000000,730802,1996-05-31,29,1000000,730802,,2025-10-17
Giovani Chiaverano,CA Newell's Old Boys,150000,1192376,2005-05-21,20,150000,1192376,,2025-10-17
Facundo Guch,CA Newell's Old Boys,75000,1377866,2007-01-20,18,75000,1377866,,2025-10-17
Carlos González,CA Newell's Old Boys,1500000,366620,1993-02-04,32,1500000,366620,,2025-10-17
Juan Manuel García,CA Newell's Old Boys,350000,457244,1992-11-14,32,350000,457244,,2025-10-17
Darío Benedetto,CA Newell's Old Boys,200000,92693,1990-05-17,35,200000,92693,,2025-10-17
Genaro Rossi,CA Newell's Old Boys,125000,978975,2002-02-07,23,125000,978975,,2025-10-17
Josué Reinatti,Defensa y Justicia,100000,1229028,2003-06-02,22,100000,1229028,,2025-10-17
Facundo Masuero,Defensa y Justicia,75000,907116,2000-05-23,25,75000,907116,,2025-10-17
Enrique Bologna,Defensa y Justicia,25000,30753,1982-02-13,43,25000,30753,,2025-10-17
Damián Fernández,Defensa y Justicia,2000000,706562,2001-01-02,24,2000000,706562,,2025-10-17
Lucas Ferreira,Defensa y Justicia,1200000,750733,2000-06-16,25,1200000,750733,,2025-10-17
Emanuel Aguilera,Defensa y Justicia,200000,123015,1989-06-11,36,200000,123015,,2025-10-17
Samuel Lucero,Defensa y Justicia,100000,1068089,2005-07-29,20,100000,1068089,,2025-10-17
Alexis Soto,Defensa y Justicia,1700000,409272,1993-10-20,31,1700000,409272,,2025-10-17
Rafael Delgado,Defensa y Justicia,100000,167314,1990-01-13,35,100000,167314,,2025-10-17
Ezequiel Cannavo,Defensa y Justicia,2000000,844791,2002-06-12,23,2000000,844791,,2025-10-17
Lucas Souto,Defensa y Justicia,500000,699689,1998-10-11,27,500000,699689,,2025-10-17
Tobías Rubio,Defensa y Justicia,500000,849534,2004-07-27,21,500000,849534,,2025-10-17
Kevin Gutiérrez,Defensa y Justicia,3500000,554799,1997-06-03,28,3500000,554799,,2025-10-17
Benjamín Schamine,Defensa y Justicia,350000,1141726,2003-10-24,21,350000,1141726,,2025-10-17
César Pérez,Defensa y Justicia,3000000,662746,2002-11-29,22,3000000,662746,,2025-10-17
Lucas González,Defensa y Justicia,1500000,688778,2000-06-03,25,1500000,688778,,2025-10-17
Santiago Sosa,Defensa y Justicia,600000,1253317,2005-01-30,20,600000,1253317,,2025-10-17
Matías Miranda,Defensa y Justicia,75000,714744,2000-05-05,25,75000,714744,,2025-10-17
Agustín Hausch,Defensa y Justicia,250000,668514,2003-05-21,22,250000,668514,,2025-10-17
Aarón Molinas,Defensa y Justicia,3000000,575999,2000-08-02,25,3000000,575999,,2025-10-17
Lenny Lobato,Defensa y Justicia,1500000,865028,2001-02-03,24,1500000,865028,,2025-10-17
David Barbona,Defensa y Justicia,1000000,356089,1995-02-22,30,1000000,356089,,2025-10-17
Uriel La Roza,Defensa y Justicia,50000,1295834,2005-02-27,20,50000,1295834,,2025-10-17
Matías Sosa,Defensa y Justicia,50000,841182,2001-08-18,24,50000,841182,,2025-10-17
Juan Miritello,Defensa y Justicia,2000000,728200,1999-02-08,26,2000000,728200,,2025-10-17
Abiel Osorio,Defensa y Justicia,1500000,991773,2002-06-13,23,1500000,991773,,2025-10-17
Juan Gutiérrez,Defensa y Justicia,700000,581321,2002-02-04,23,700000,581321,,2025-10-17
Nicolás Stefanelli,Defensa y Justicia,400000,333923,1994-11-22,30,400000,333923,,2025-10-17
Luca Franco,Defensa y Justicia,100000,1033619,2002-11-26,22,100000,1033619,,2025-10-17
Sebastián Meza,CA Huracán,700000,839030,2000-03-14,25,700000,839030,,2025-10-17
Hernán Galíndez,CA Huracán,350000,77127,1987-03-30,38,350000,77127,,2025-10-17
Lucas Carrizo,CA Huracán,800000,522204,1997-05-20,28,800000,522204,,2025-10-17
Hugo Nervo,CA Huracán,600000,107503,1991-01-06,34,600000,107503,,2025-10-17
Nicolás Goitea,CA Huracán,400000,840768,1997-06-11,28,400000,840768,,2025-10-17
Nehuén Paz,CA Huracán,300000,284724,1993-04-28,32,300000,284724,,2025-10-17
Daniel Zabala,CA Huracán,200000,1203749,2003-01-17,22,200000,1203749,,2025-10-17
Fabio Pereyra,CA Huracán,175000,610248,1990-01-31,35,175000,610248,,2025-10-17
Patricio Pizarro,CA Huracán,75000,1025886,2000-07-27,25,75000,1025886,,2025-10-17
César Ibáñez,CA Huracán,2500000,674391,1999-06-17,26,2500000,674391,,2025-10-17
Leandro Lescano,CA Huracán,200000,1174823,2003-03-03,22,200000,1174823,,2025-10-17
Tomás Guidara,CA Huracán,1200000,355900,1996-03-13,29,1200000,355900,,2025-10-17
Hernán de la Fuente,CA Huracán,500000,552628,1997-01-07,28,500000,552628,,2025-10-17
Leonel Pérez,CA Huracán,6000000,839031,2004-08-09,21,6000000,839031,,2025-10-17
Emmanuel Ojeda,CA Huracán,600000,471657,1997-11-05,27,600000,471657,,2025-10-17
Leonardo Gil,CA Huracán,500000,125907,1991-05-31,34,500000,125907,,2025-10-17
Facundo Waller,CA Huracán,900000,322696,1997-04-09,28,900000,322696,,2025-10-17
Gabriel Alanís,CA Huracán,700000,342149,1994-03-16,31,700000,342149,,2025-10-17
Matko Miljevic,CA Huracán,5000000,632797,2001-05-09,24,5000000,632797,,2025-10-17
Agustín Urzi,CA Huracán,1200000,636441,2000-05-04,25,1200000,636441,,2025-10-17
Rodrigo Cabral,CA Huracán,600000,709552,2000-08-08,25,600000,709552,,2025-10-17
Juan Bisanz,CA Huracán,2000000,866061,2001-08-28,24,2000000,866061,,2025-10-17
Leonardo Sequeira,CA Huracán,700000,384761,1995-04-26,30,700000,384761,,2025-10-17
Eric Ramírez,CA Huracán,1500000,364945,1996-09-21,29,1500000,364945,,2025-10-17
Matías Tissera,CA Huracán,1200000,503001,1996-09-06,29,1200000,503001,,2025-10-17
Luciano Giménez,CA Huracán,700000,985755,2000-02-18,25,700000,985755,,2025-10-17
Ramón Ábila,CA Huracán,150000,88049,1989-10-14,36,150000,88049,,2025-10-17
Matías Pólvera,CA Huracán,50000,932963,2000-12-13,24,50000,932963,,2025-10-17
Diego Rodríguez,AA Argentinos Juniors,300000,90800,1989-06-25,36,300000,90800,,2025-10-17
Sergio Romero,AA Argentinos Juniors,200000,30690,1987-02-22,38,200000,30690,,2025-10-17
Francisco Álvarez,AA Argentinos Juniors,4000000,565766,2000-02-26,25,4000000,565766,,2025-10-17
Tobías Ramírez,AA Argentinos Juniors,3000000,1000684,2006-11-11,18,3000000,1000684,,2025-10-17
Mateo Antoni,AA Argentinos Juniors,600000,988661,2003-04-22,22,600000,988661,,2025-10-17
Érik Godoy,AA Argentinos Juniors,250000,225479,1993-08-16,32,250000,225479,,2025-10-17
Román Riquelme,AA Argentinos Juniors,100000,909736,2002-05-18,23,100000,909736,,2025-10-17
Claudio Bravo,AA Argentinos Juniors,1200000,441408,1997-03-13,28,1200000,441408,,2025-10-17
Sebastián Prieto,AA Argentinos Juniors,300000,613708,1993-04-09,32,300000,613708,,2025-10-17
Leandro Lozano,AA Argentinos Juniors,3500000,665101,1998-12-19,26,3500000,665101,,2025-10-17
Kevin Coronel,AA Argentinos Juniors,350000,1198369,2004-08-11,21,350000,1198369,,2025-10-17
Luciano Sánchez,AA Argentinos Juniors,125000,444495,1994-01-25,31,125000,444495,,2025-10-17
Federico Fattori,AA Argentinos Juniors,650000,357956,1992-07-22,33,650000,357956,,2025-10-17
Cristian Ferreira,AA Argentinos Juniors,500000,548468,1999-09-12,26,500000,548468,,2025-10-17
Juan Cardozo,AA Argentinos Juniors,200000,912696,2004-02-24,21,200000,912696,,2025-10-17
Lucas Gómez,AA Argentinos Juniors,200000,1225293,2004-06-17,21,200000,1225293,,2025-10-17
Joaquín Gho,AA Argentinos Juniors,2500000,842589,2003-05-14,22,2500000,842589,,2025-10-17
Alan Lescano,AA Argentinos Juniors,6000000,991134,2001-11-11,23,6000000,991134,,2025-10-17
Hernán López Muñoz,AA Argentinos Juniors,4000000,665309,2000-09-07,25,4000000,665309,,2025-10-17
Gabriel Florentín,AA Argentinos Juniors,1200000,675341,1999-03-13,26,1200000,675341,,2025-10-17
Nicolás Oroz,AA Argentinos Juniors,800000,332250,1994-04-01,31,800000,332250,,2025-10-17
Emiliano Viveros,AA Argentinos Juniors,500000,907313,2002-09-30,23,500000,907313,,2025-10-17
Lautaro Giaccone,AA Argentinos Juniors,1500000,851803,2001-02-01,24,1500000,851803,,2025-10-17
Elias Peralta,AA Argentinos Juniors,100000,987238,2003-05-18,22,100000,987238,,2025-10-17
Tomás Molina,AA Argentinos Juniors,2500000,429591,1995-04-12,30,2500000,429591,,2025-10-17
Matías Giménez,AA Argentinos Juniors,2200000,656112,1999-03-06,26,2200000,656112,,2025-10-17
Rubén Bentancourt,AA Argentinos Juniors,300000,197333,1993-03-02,32,300000,197333,,2025-10-17
Diego Porcel,AA Argentinos Juniors,250000,1269429,2005-01-21,20,250000,1269429,,2025-10-17
Lautaro Ovando,AA Argentinos Juniors,200000,668551,2003-02-10,22,200000,668551,,2025-10-17
Ismael Sosa,AA Argentinos Juniors,25000,45327,1987-01-18,38,25000,45327,,2025-10-17
Manuel Brondo,AA Argentinos Juniors,25000,1103930,2002-02-25,23,25000,1103930,,2025-10-17
Axel Werner,CA Rosario Central,375000,236734,1996-02-28,29,375000,236734,,2025-10-17
Jorge Broun,CA Rosario Central,125000,55150,1986-05-26,39,125000,55150,,2025-10-17
Juan Giménez,CA Rosario Central,3000000,1000686,2006-04-27,19,3000000,1000686,,2025-10-17
Facundo Mallo,CA Rosario Central,1700000,347193,1995-01-16,30,1700000,347193,,2025-10-17
Juan Cruz Komar,CA Rosario Central,600000,319691,1996-08-13,29,600000,319691,,2025-10-17
Carlos Quintana,CA Rosario Central,100000,54596,1988-02-11,37,100000,54596,,2025-10-17
Agustín Sández,CA Rosario Central,2500000,847023,2001-01-16,24,2500000,847023,,2025-10-17
Juan Elordi,CA Rosario Central,300000,728602,1994-08-21,31,300000,728602,,2025-10-17
Emanuel Coronel,CA Rosario Central,2700000,565194,1997-02-01,28,2700000,565194,,2025-10-17
Franco Ibarra,CA Rosario Central,3500000,741685,2001-04-28,24,3500000,741685,,2025-10-17
Federico Navarro,CA Rosario Central,2300000,632131,2000-03-09,25,2300000,632131,,2025-10-17
Tomás O'Connor,CA Rosario Central,1500000,1027880,2004-03-25,21,1500000,1027880,,2025-10-17
Enzo Giménez,CA Rosario Central,550000,569088,1998-02-17,27,550000,569088,,2025-10-17
Ignacio Malcorra,CA Rosario Central,400000,87518,1987-07-24,38,400000,87518,,2025-10-17
Santiago Segovia,CA Rosario Central,250000,1197922,2007-03-26,18,250000,1197922,,2025-10-17
Francesco Lo Celso,CA Rosario Central,50000,642757,2000-03-05,25,50000,642757,,2025-10-17
Jáminton Campaz,CA Rosario Central,6000000,491553,2000-05-24,25,6000000,491553,,2025-10-17
Santiago López,CA Rosario Central,2300000,1000687,2006-02-09,19,2300000,1000687,,2025-10-17
Maximiliano Lovera,CA Rosario Central,700000,441422,1999-03-09,26,700000,441422,,2025-10-17
Giovanni Cantizano,CA Rosario Central,250000,1213079,2007-03-21,18,250000,1213079,,2025-10-17
Ángel Di María,CA Rosario Central,2000000,45320,1988-02-14,37,2000000,45320,,2025-10-17
Gaspar Duarte,CA Rosario Central,1000000,1297988,2003-01-06,22,1000000,1297988,,2025-10-17
Enzo Copetti,CA Rosario Central,3000000,504254,1996-01-16,29,3000000,504254,,2025-10-17
Alejo Veliz,CA Rosario Central,2500000,888493,2003-09-19,22,2500000,888493,,2025-10-17
Agustín Módica,CA Rosario Central,1300000,1184570,2003-01-12,22,1300000,1184570,,2025-10-17
Fabricio Oviedo,CA Rosario Central,400000,1022385,2004-02-19,21,400000,1022385,,2025-10-17
Facundo Sanguinetti,CA Banfield,2000000,870032,2001-03-01,24,2000000,870032,,2025-10-17
Diego Romero,CA Banfield,700000,643063,2001-08-17,24,700000,643063,,2025-10-17
Joaquín Pombo,CA Banfield,800000,849258,2001-03-18,24,800000,849258,,2025-10-17
Nicolás Meriano,CA Banfield,450000,941511,2000-11-09,24,450000,941511,,2025-10-17
Brandon Oviedo,CA Banfield,200000,1322606,2005-01-25,20,200000,1322606,,2025-10-17
Sergio Vittor,CA Banfield,100000,91597,1989-06-09,36,100000,91597,,2025-10-17
Santiago Daniele,CA Banfield,50000,1281969,2005-11-22,19,50000,1281969,,2025-10-17
Ignacio Abraham,CA Banfield,600000,985269,1998-01-12,27,600000,985269,,2025-10-17
Nicolás Colazo,CA Banfield,75000,116277,1990-07-08,35,75000,116277,,2025-10-17
Juan Luis Alfaro,CA Banfield,300000,997374,1999-10-16,26,300000,997374,,2025-10-17
Juan Iribarren,CA Banfield,75000,1232511,2003-01-22,22,75000,1232511,,2025-10-17
Lautaro Ríos,CA Banfield,700000,878220,2000-10-09,25,700000,878220,,2025-10-17
Martín Río,CA Banfield,1500000,816843,2001-03-14,24,1500000,816843,,2025-10-17
Santiago Esquivel,CA Banfield,400000,1301391,2004-01-02,21,400000,1301391,,2025-10-17
Gabriel Vega,CA Banfield,75000,906749,2002-04-18,23,75000,906749,,2025-10-17
Lucas Palavecino,CA Banfield,50000,1073555,2003-10-18,21,50000,1073555,,2025-10-17
Santiago López García,CA Banfield,600000,654813,1997-12-04,27,600000,654813,,2025-10-17
Tomás Adoryán,CA Banfield,400000,1115868,2001-09-22,24,400000,1115868,,2025-10-17
Gonzalo Ríos,CA Banfield,1200000,907834,1999-01-27,26,1200000,907834,,2025-10-17
Matías González,CA Banfield,350000,831492,2002-02-28,23,350000,831492,,2025-10-17
Frank Castañeda,CA Banfield,700000,562483,1994-07-17,31,700000,562483,,2025-10-17
Lisandro Piñero,CA Banfield,300000,1301427,2007-07-15,18,300000,1301427,,2025-10-17
Agustín Obando,CA Banfield,125000,491706,2000-03-11,25,125000,491706,,2025-10-17
Agustín Alaniz,CA Banfield,600000,989203,2002-05-16,23,600000,989203,,2025-10-17
Rodrigo Auzmendi,CA Banfield,2000000,690727,2001-01-02,24,2000000,690727,,2025-10-17
Mauro Méndez,CA Banfield,1300000,675468,1999-01-17,26,1300000,675468,,2025-10-17
Tomás Nasif,CA Banfield,800000,1291055,2004-01-02,21,800000,1291055,,2025-10-17
Bruno Sepúlveda,CA Banfield,350000,690718,1992-09-17,33,350000,690718,,2025-10-17
Julio Furch,CA Banfield,250000,149393,1989-07-29,36,250000,149393,,2025-10-17
Marcos Arturia,CA Banfield,250000,636440,1998-02-08,27,250000,636440,,2025-10-17
Matías Mansilla,Club Atlético Tucumán,3000000,731722,1996-01-15,29,3000000,731722,,2025-10-17
Juan González,Club Atlético Tucumán,150000,503219,1993-07-10,32,150000,503219,,2025-10-17
Clever Ferreira,Club Atlético Tucumán,700000,1244188,2003-02-20,22,700000,1244188,,2025-10-17
Miguel Brizuela,Club Atlético Tucumán,600000,689465,1997-01-05,28,600000,689465,,2025-10-17
Gianluca Ferrari,Club Atlético Tucumán,500000,340507,1997-06-30,28,500000,340507,,2025-10-17
Fausto Grillo,Club Atlético Tucumán,275000,323422,1993-02-20,32,275000,323422,,2025-10-17
Marcelo Ortiz,Club Atlético Tucumán,225000,267772,1994-01-13,31,225000,267772,,2025-10-17
Juan Infante,Club Atlético Tucumán,650000,615255,1996-01-07,29,650000,615255,,2025-10-17
Ignacio Galván,Club Atlético Tucumán,150000,863140,2002-09-06,23,150000,863140,,2025-10-17
Maximiliano Villa,Club Atlético Tucumán,450000,521234,1997-03-03,28,450000,521234,,2025-10-17
Moisés Brandán,Club Atlético Tucumán,200000,908390,2000-08-26,25,200000,908390,,2025-10-17
Damián Martínez,Club Atlético Tucumán,125000,107282,1990-01-31,35,125000,107282,,2025-10-17
Kevin Ortiz,Club Atlético Tucumán,1200000,984079,2000-09-18,25,1200000,984079,,2025-10-17
Adrián Sánchez,Club Atlético Tucumán,1800000,744279,1999-05-14,26,1800000,744279,,2025-10-17
Kevin López,Club Atlético Tucumán,350000,931942,2001-12-28,23,350000,931942,,2025-10-17
Guillermo Acosta,Club Atlético Tucumán,200000,422917,1988-07-01,37,200000,422917,,2025-10-17
Renzo Tesuri,Club Atlético Tucumán,1300000,457666,1996-06-07,29,1300000,457666,,2025-10-17
Lautaro Godoy,Club Atlético Tucumán,400000,1098440,2003-03-15,22,400000,1098440,,2025-10-17
Franco Nicola,Club Atlético Tucumán,300000,1015626,2002-04-18,23,300000,1015626,,2025-10-17
Nicolás Laméndola,Club Atlético Tucumán,400000,756809,1998-12-12,26,400000,756809,,2025-10-17
Lucas Román,Club Atlético Tucumán,300000,990202,2004-02-10,21,300000,990202,,2025-10-17
Carlos Auzqui,Club Atlético Tucumán,200000,100001,1991-03-16,34,200000,100001,,2025-10-17
Mateo Bajamich,Club Atlético Tucumán,1000000,610228,1999-08-03,26,1000000,610228,,2025-10-17
Ramiro Ruiz Rodríguez,Club Atlético Tucumán,800000,633048,2000-03-21,25,800000,633048,,2025-10-17
Leandro Díaz,Club Atlético Tucumán,500000,140214,1992-06-06,33,500000,140214,,2025-10-17
Lisandro Cabrera,Club Atlético Tucumán,200000,617776,1998-01-04,27,200000,617776,,2025-10-17
Thiago Cardozo,Club Atlético Belgrano,2000000,294843,1996-07-31,29,2000000,294843,,2025-10-17
Ignacio Chicco,Club Atlético Belgrano,400000,503329,1996-06-30,29,400000,503329,,2025-10-17
Manuel Vicentini,Club Atlético Belgrano,175000,239697,1990-08-29,35,175000,239697,,2025-10-17
Federico Ricca,Club Atlético Belgrano,1300000,285322,1994-12-01,30,1300000,285322,,2025-10-17
Leonardo Morales,Club Atlético Belgrano,700000,457061,1991-04-11,34,700000,457061,,2025-10-17
Alexis Maldonado,Club Atlético Belgrano,700000,444100,1997-09-02,28,700000,444100,,2025-10-17
Lisandro López,Club Atlético Belgrano,400000,125019,1989-09-01,36,400000,125019,,2025-10-17
Aníbal Leguizamón,Club Atlético Belgrano,275000,610333,1992-01-10,33,275000,610333,,2025-10-17
Juan Velázquez,Club Atlético Belgrano,2300000,1264273,2004-11-19,20,2300000,1264273,,2025-10-17
Tobias Ostchega,Club Atlético Belgrano,400000,495109,1998-08-26,27,400000,495109,,2025-10-17
Adrián Spörle,Club Atlético Belgrano,250000,440371,1995-07-13,30,250000,440371,,2025-10-17
Elías López,Club Atlético Belgrano,450000,491691,2000-07-08,25,450000,491691,,2025-10-17
Santiago Longo,Club Atlético Belgrano,3000000,697065,1998-04-12,27,3000000,697065,,2025-10-17
Rodrigo Saravia,Club Atlético Belgrano,1500000,750753,2000-08-17,25,1500000,750753,,2025-10-17
Facundo Quignón,Club Atlético Belgrano,500000,131218,1993-05-02,32,500000,131218,,2025-10-17
Gerónimo Heredia,Club Atlético Belgrano,500000,1173433,2005-02-09,20,500000,1173433,,2025-10-17
Agustin Baldi,Club Atlético Belgrano,225000,697644,2002-05-11,23,225000,697644,,2025-10-17
Lucas Menossi,Club Atlético Belgrano,450000,225481,1992-07-11,33,450000,225481,,2025-10-17
Gabriel Compagnucci,Club Atlético Belgrano,200000,538608,1991-08-29,34,200000,538608,,2025-10-17
Lucas Zelarayán,Club Atlético Belgrano,3000000,230030,1992-06-20,33,3000000,230030,,2025-10-17
Francisco González Metilli,Club Atlético Belgrano,2200000,442679,1997-03-29,28,2200000,442679,,2025-10-17
Jeremías Lucco,Club Atlético Belgrano,200000,1173444,2005-12-10,19,200000,1173444,,2025-10-17
Julián Mavilla,Club Atlético Belgrano,100000,1144681,2000-04-27,25,100000,1144681,,2025-10-17
Ramiro Hernandes,Club Atlético Belgrano,25000,1273494,2004-11-19,20,25000,1273494,,2025-10-17
Bryan Reyna,Club Atlético Belgrano,1500000,440312,1998-08-23,27,1500000,440312,,2025-10-17
Ulises Sánchez,Club Atlético Belgrano,2500000,724220,1998-06-26,27,2500000,724220,,2025-10-17
Nicolás Fernández,Club Atlético Belgrano,4000000,333921,1996-02-08,29,4000000,333921,,2025-10-17
Lucas Passerini,Club Atlético Belgrano,2000000,334586,1994-07-16,31,2000000,334586,,2025-10-17
Franco Jara,Club Atlético Belgrano,200000,75035,1988-07-15,37,200000,75035,,2025-10-17
Nelson Insfrán,Club de Gimnasia y Esgrima La Plata,1000000,660280,1995-05-24,30,1000000,660280,,2025-10-17
Luis Ingolotti,Club de Gimnasia y Esgrima La Plata,750000,552636,2000-01-14,25,750000,552636,,2025-10-17
Renzo Giampaoli,Club de Gimnasia y Esgrima La Plata,1200000,838405,2000-01-07,25,1200000,838405,,2025-10-17
Enzo Martínez,Club de Gimnasia y Esgrima La Plata,600000,578737,1998-04-29,27,600000,578737,,2025-10-17
Gastón Suso,Club de Gimnasia y Esgrima La Plata,350000,469776,1991-03-12,34,350000,469776,,2025-10-17
Juan Villalba,Club de Gimnasia y Esgrima La Plata,300000,1005800,2006-03-15,19,300000,1005800,,2025-10-17
Germán Conti,Club de Gimnasia y Esgrima La Plata,250000,284321,1994-06-03,31,250000,284321,,2025-10-17
Diego Mastrángelo,Club de Gimnasia y Esgrima La Plata,100000,1110143,2002-11-07,22,100000,1110143,,2025-10-17
Juan Cortazzo,Club de Gimnasia y Esgrima La Plata,50000,1224924,2005-10-18,19,50000,1224924,,2025-10-17
Pedro Silva Torrejón,Club de Gimnasia y Esgrima La Plata,700000,438927,1997-01-25,28,700000,438927,,2025-10-17
Matías Melluso,Club de Gimnasia y Esgrima La Plata,300000,564216,1998-06-09,27,300000,564216,,2025-10-17
Juan Pintado,Club de Gimnasia y Esgrima La Plata,1800000,410456,1997-07-28,28,1800000,410456,,2025-10-17
Fabricio Corbalán,Club de Gimnasia y Esgrima La Plata,100000,1283981,2003-09-29,22,100000,1283981,,2025-10-17
Mateo Seoane,Club de Gimnasia y Esgrima La Plata,600000,850433,2004-02-09,21,600000,850433,,2025-10-17
Facundo Di Biasi,Club de Gimnasia y Esgrima La Plata,450000,1305326,2005-06-22,20,450000,1305326,,2025-10-17
Nicolás Garayalde,Club de Gimnasia y Esgrima La Plata,700000,744282,1999-07-21,26,700000,744282,,2025-10-17
Juan Yangali,Club de Gimnasia y Esgrima La Plata,150000,985756,2000-03-03,25,150000,985756,,2025-10-17
Augusto Max,Club de Gimnasia y Esgrima La Plata,125000,149770,1992-08-10,33,125000,149770,,2025-10-17
Lucas Castro,Club de Gimnasia y Esgrima La Plata,200000,105892,1989-04-09,36,200000,105892,,2025-10-17
Juan Pérez,Club de Gimnasia y Esgrima La Plata,175000,1087316,2004-07-25,21,175000,1087316,,2025-10-17
Leandro Mamut,Club de Gimnasia y Esgrima La Plata,75000,865201,2003-12-31,21,75000,865201,,2025-10-17
Alejandro Piedrahita,Club de Gimnasia y Esgrima La Plata,700000,853948,2002-09-03,23,700000,853948,,2025-10-17
Jeremías Merlo,Club de Gimnasia y Esgrima La Plata,600000,1283982,2006-06-20,19,600000,1283982,,2025-10-17
Bautista Merlini,Club de Gimnasia y Esgrima La Plata,400000,431737,1995-07-04,30,400000,431737,,2025-10-17
Alan Sosa,Club de Gimnasia y Esgrima La Plata,400000,1103941,2003-05-05,22,400000,1103941,,2025-10-17
Maximiliano Zalazar,Club de Gimnasia y Esgrima La Plata,1000000,757175,2001-03-08,24,1000000,757175,,2025-10-17
Manuel Panaro,Club de Gimnasia y Esgrima La Plata,800000,836252,2002-12-28,22,800000,836252,,2025-10-17
Franco Torres,Club de Gimnasia y Esgrima La Plata,400000,909789,1999-05-25,26,400000,909789,,2025-10-17
Norberto Briasco,Club de Gimnasia y Esgrima La Plata,200000,457218,1996-02-29,29,200000,457218,,2025-10-17
Marcelo Torres,Club de Gimnasia y Esgrima La Plata,800000,480778,1997-11-06,27,800000,480778,,2025-10-17
Sebastián Lomónaco,Club de Gimnasia y Esgrima La Plata,700000,556046,1998-09-17,27,700000,556046,,2025-10-17
Ivo Mammini,Club de Gimnasia y Esgrima La Plata,500000,748065,2003-04-15,22,500000,748065,,2025-10-17
Jan Hurtado,Club de Gimnasia y Esgrima La Plata,400000,459115,2000-03-05,25,400000,459115,,2025-10-17
Alan Aguerre,CA Central Córdoba (SdE),200000,269784,1990-08-23,35,200000,269784,,2025-10-17
Juan Pablo Zozaya,CA Central Córdoba (SdE),200000,830307,2001-08-13,24,200000,830307,,2025-10-17
Lucas Abascia,CA Central Córdoba (SdE),1000000,689230,1995-12-10,29,1000000,689230,,2025-10-17
Jonatan Galván,CA Central Córdoba (SdE),350000,216730,1992-06-25,33,350000,216730,,2025-10-17
Facundo Mansilla,CA Central Córdoba (SdE),250000,833783,1999-02-27,26,250000,833783,,2025-10-17
Yuri Casermeiro,CA Central Córdoba (SdE),200000,1130336,2002-03-12,23,200000,1130336,,2025-10-17
Juan Pablo Pignani,CA Central Córdoba (SdE),125000,984882,2001-07-02,24,125000,984882,,2025-10-17
Braian Cufré,CA Central Córdoba (SdE),1500000,401521,1996-12-15,28,1500000,401521,,2025-10-17
Gonzalo Trindade,CA Central Córdoba (SdE),125000,1203750,2004-05-14,21,125000,1203750,,2025-10-17
Leonardo Marchi,CA Central Córdoba (SdE),50000,642521,1996-09-17,29,50000,642521,,2025-10-17
Santiago Moyano,CA Central Córdoba (SdE),500000,568551,1997-09-23,28,500000,568551,,2025-10-17
Fernando Martínez,CA Central Córdoba (SdE),100000,880025,2000-07-27,25,100000,880025,,2025-10-17
Iván Pillud,CA Central Córdoba (SdE),25000,77720,1986-04-24,39,25000,77720,,2025-10-17
Iván Gómez,CA Central Córdoba (SdE),1800000,459318,1997-02-28,28,1800000,459318,,2025-10-17
Matías Vera,CA Central Córdoba (SdE),300000,368801,1995-10-26,29,300000,368801,,2025-10-17
Cristian Vega,CA Central Córdoba (SdE),150000,443689,1993-09-17,32,150000,443689,,2025-10-17
José Florentín,CA Central Córdoba (SdE),1800000,741965,1996-07-05,29,1800000,741965,,2025-10-17
Fernando Juárez,CA Central Córdoba (SdE),800000,439627,1998-08-23,27,800000,439627,,2025-10-17
Sebastián Cristóforo,CA Central Córdoba (SdE),150000,188157,1993-08-23,32,150000,188157,,2025-10-17
Leonardo Heredia,CA Central Córdoba (SdE),1500000,538367,1996-01-11,29,1500000,538367,,2025-10-17
Matías Godoy,CA Central Córdoba (SdE),800000,582168,2002-01-10,23,800000,582168,,2025-10-17
Lucas Besozzi,CA Central Córdoba (SdE),300000,829381,2003-01-22,22,300000,829381,,2025-10-17
David Zalazar,CA Central Córdoba (SdE),250000,983867,2002-05-09,23,250000,983867,,2025-10-17
Matías Perelló,CA Central Córdoba (SdE),1500000,1070369,2001-11-17,23,1500000,1070369,,2025-10-17
Franco Alfonso,CA Central Córdoba (SdE),400000,988412,2002-05-04,23,400000,988412,,2025-10-17
Diego Barrera,CA Central Córdoba (SdE),250000,1103406,2004-06-28,21,250000,1103406,,2025-10-17
Gastón Verón,CA Central Córdoba (SdE),2000000,564001,2001-04-23,24,2000000,564001,,2025-10-17
Lucas Varaldo,CA Central Córdoba (SdE),350000,718206,2002-02-24,23,350000,718206,,2025-10-17
Nazareno Fúnez,CA Central Córdoba (SdE),275000,960200,2001-02-06,24,275000,960200,,2025-10-17
Favio Cabral,CA Central Córdoba (SdE),150000,748210,2001-02-05,24,150000,748210,,2025-10-17
Ramón Cansinos,CA Central Córdoba (SdE),75000,1029003,2002-10-23,22,75000,1029003,,2025-10-17
Rodrigo Rey,CA Independiente,1500000,166591,1991-03-08,34,1500000,166591,,2025-10-17
Joaquín Blázquez,CA Independiente,225000,668996,2001-01-28,24,225000,668996,,2025-10-17
Kevin Lomónaco,CA Independiente,12000000,661136,2002-01-08,23,12000000,661136,,2025-10-17
Sebastián Valdez,CA Independiente,1500000,538374,1995-11-06,29,1500000,538374,,2025-10-17
Nicolás Freire,CA Independiente,1200000,266809,1994-02-18,31,1200000,266809,,2025-10-17
Franco Paredes,CA Independiente,800000,749016,1999-03-18,26,800000,749016,,2025-10-17
Facundo Zabala,CA Independiente,1800000,660140,1999-01-02,26,1800000,660140,,2025-10-17
Milton Valenzuela,CA Independiente,800000,422401,1998-08-13,27,800000,422401,,2025-10-17
Jonathan De Irastorza,CA Independiente,75000,1240380,2005-08-05,20,75000,1240380,,2025-10-17
Leonardo Godoy,CA Independiente,2000000,369556,1995-04-28,30,2000000,369556,,2025-10-17
Federico Vera,CA Independiente,1500000,829967,1998-03-24,27,1500000,829967,,2025-10-17
Rodrigo Fernández Cedrés,CA Independiente,800000,458047,1996-01-03,29,800000,458047,,2025-10-17
Iván Marcone,CA Independiente,700000,90451,1990-06-03,35,700000,90451,,2025-10-17
Felipe Loyola,CA Independiente,9000000,843286,2000-11-09,24,9000000,843286,,2025-10-17
Pablo Galdames,CA Independiente,1500000,313830,1996-12-30,28,1500000,313830,,2025-10-17
Federico Mancuello,CA Independiente,250000,96313,1989-03-26,36,250000,96313,,2025-10-17
Joel Medina,CA Independiente,50000,1298534,2007-07-07,18,50000,1298534,,2025-10-17
Lautaro Millán,CA Independiente,2500000,1240381,2005-08-16,20,2500000,1240381,,2025-10-17
Luciano Cabral,CA Independiente,2000000,322610,1995-04-26,30,2000000,322610,,2025-10-17
Diego Tarzia,CA Independiente,2500000,1225755,2003-04-26,22,2500000,1225755,,2025-10-17
Walter Mazzantti,CA Independiente,4000000,477458,1996-09-05,29,4000000,477458,,2025-10-17
Santiago Montiel,CA Independiente,3500000,974336,2000-11-22,24,3500000,974336,,2025-10-17
Matías Abaldo,CA Independiente,3500000,928647,2004-04-03,21,3500000,928647,,2025-10-17
Ignacio Pussetto,CA Independiente,2200000,283528,1995-12-21,29,2200000,283528,,2025-10-17
Enzo Taborda,CA Independiente,50000,1298505,2005-05-20,20,50000,1298505,,2025-10-17
Gabriel Ávalos,CA Independiente,1000000,358418,1990-10-12,35,1000000,358418,,2025-10-17
Franco Petroli,CD Godoy Cruz Antonio Tomba,3200000,401587,1998-06-11,27,3200000,401587,,2025-10-17
Nicolás Cláa,CD Godoy Cruz Antonio Tomba,100000,1131418,2004-08-05,21,100000,1131418,,2025-10-17
Mateo Mendoza,CD Godoy Cruz Antonio Tomba,4000000,1103933,2004-11-21,20,4000000,1103933,,2025-10-17
Juan Escobar,CD Godoy Cruz Antonio Tomba,800000,353034,1995-07-11,30,800000,353034,,2025-10-17
Federico Rasmussen,CD Godoy Cruz Antonio Tomba,375000,131219,1992-03-04,33,375000,131219,,2025-10-17
Tomás Rossi,CD Godoy Cruz Antonio Tomba,300000,856020,1999-04-18,26,300000,856020,,2025-10-17
Leandro Quiroz,CD Godoy Cruz Antonio Tomba,175000,849532,2004-01-16,21,175000,849532,,2025-10-17
Juan Morán,CD Godoy Cruz Antonio Tomba,700000,1305914,2006-07-10,19,700000,1305914,,2025-10-17
Andrés Meli,CD Godoy Cruz Antonio Tomba,600000,935331,2000-09-01,25,600000,935331,,2025-10-17
Lucas Arce,CD Godoy Cruz Antonio Tomba,1700000,754470,1997-08-14,28,1700000,754470,,2025-10-17
Leonardo Jara,CD Godoy Cruz Antonio Tomba,125000,116163,1991-05-20,34,125000,116163,,2025-10-17
Francisco Facello,CD Godoy Cruz Antonio Tomba,50000,1159862,2003-01-11,22,50000,1159862,,2025-10-17
Vicente Poggi,CD Godoy Cruz Antonio Tomba,2000000,657744,2002-07-11,23,2000000,657744,,2025-10-17
Maximiliano González,CD Godoy Cruz Antonio Tomba,250000,931404,2004-05-04,21,250000,931404,,2025-10-17
Nicolás Fernández,CD Godoy Cruz Antonio Tomba,2500000,400677,1998-03-02,27,2500000,400677,,2025-10-17
Gonzalo Abrego,CD Godoy Cruz Antonio Tomba,2000000,836493,2000-01-07,25,2000000,836493,,2025-10-17
Pol Fernández,CD Godoy Cruz Antonio Tomba,1000000,220647,1991-10-11,34,1000000,220647,,2025-10-17
Walter Montoya,CD Godoy Cruz Antonio Tomba,300000,267420,1993-07-21,32,300000,267420,,2025-10-17
Misael Sosa,CD Godoy Cruz Antonio Tomba,400000,996587,2002-01-28,23,400000,996587,,2025-10-17
Tomás Pozzo,CD Godoy Cruz Antonio Tomba,275000,838796,2000-09-27,25,275000,838796,,2025-10-17
Luciano Pascual,CD Godoy Cruz Antonio Tomba,100000,1146840,2004-06-23,21,100000,1146840,,2025-10-17
Maximiliano Porcel,CD Godoy Cruz Antonio Tomba,100000,1074965,2006-01-02,19,100000,1074965,,2025-10-17
Santino Andino,CD Godoy Cruz Antonio Tomba,5000000,1305935,2005-10-25,19,5000000,1305935,,2025-10-17
Bastián Yáñez,CD Godoy Cruz Antonio Tomba,500000,600028,2001-06-27,24,500000,600028,,2025-10-17
Facundo Altamira,CD Godoy Cruz Antonio Tomba,1000000,923459,2001-08-03,24,1000000,923459,,2025-10-17
Agustín Auzmendi,CD Godoy Cruz Antonio Tomba,1200000,732442,1997-02-01,28,1200000,732442,,2025-10-17
Daniel Barrea,CD Godoy Cruz Antonio Tomba,1000000,1006250,2001-07-22,24,1000000,1006250,,2025-10-17
Luca Martínez Dupuy,CD Godoy Cruz Antonio Tomba,500000,831110,2001-06-05,24,500000,831110,,2025-10-17
Nahuel Ulariaga,CD Godoy Cruz Antonio Tomba,175000,845336,2002-03-02,23,175000,845336,,2025-10-17
Ezequiel Centurión,CS Independiente Rivadavia,2000000,626917,1997-05-20,28,2000000,626917,,2025-10-17
Gonzalo Marinelli,CS Independiente Rivadavia,75000,91815,1989-02-07,36,75000,91815,,2025-10-17
Agustín Lastra,CS Independiente Rivadavia,25000,911960,2001-01-02,24,25000,911960,,2025-10-17
Sheyko Studer,CS Independiente Rivadavia,3000000,1190390,2002-11-12,22,3000000,1190390,,2025-10-17
Leonard Costa,CS Independiente Rivadavia,500000,800720,1998-08-24,27,500000,800720,,2025-10-17
Iván Villalba,CS Independiente Rivadavia,500000,312562,1995-01-19,30,500000,312562,,2025-10-17
Matías Valenti,CS Independiente Rivadavia,225000,1214798,2002-09-03,23,225000,1214798,,2025-10-17
Santiago Flores,CS Independiente Rivadavia,100000,1011266,2001-03-25,24,100000,1011266,,2025-10-17
Alejo Osella,CS Independiente Rivadavia,75000,990550,2000-09-30,25,75000,990550,,2025-10-17
Pedro Souto,CS Independiente Rivadavia,250000,924999,2000-05-05,25,250000,924999,,2025-10-17
Thomas Ortega,CS Independiente Rivadavia,150000,742593,2000-12-06,24,150000,742593,,2025-10-17
Luciano Gómez,CS Independiente Rivadavia,500000,423705,1996-03-22,29,500000,423705,,2025-10-17
Mauro Peinipil,CS Independiente Rivadavia,350000,989571,1999-04-03,26,350000,989571,,2025-10-17
Ezequiel Bonifacio,CS Independiente Rivadavia,100000,334224,1994-05-09,31,100000,334224,,2025-10-17
Luciano Abecasis,CS Independiente Rivadavia,75000,149435,1990-06-04,35,75000,149435,,2025-10-17
Maximiliano Amarfil,CS Independiente Rivadavia,2000000,990429,2001-11-03,23,2000000,990429,,2025-10-17
Leonel Bucca,CS Independiente Rivadavia,600000,830841,1999-03-20,26,600000,830841,,2025-10-17
Laureano Rodríguez,CS Independiente Rivadavia,125000,1118619,2002-11-23,22,125000,1118619,,2025-10-17
Tomás Bottari,CS Independiente Rivadavia,800000,840860,2001-04-26,24,800000,840860,,2025-10-17
Mauricio Cardillo,CS Independiente Rivadavia,500000,1115518,2003-03-11,22,500000,1115518,,2025-10-17
Tomás Muro,CS Independiente Rivadavia,400000,984869,2002-05-05,23,400000,984869,,2025-10-17
Diego Tonetto,CS Independiente Rivadavia,25000,87890,1988-12-05,36,25000,87890,,2025-10-17
Matías Fernández,CS Independiente Rivadavia,300000,707153,2001-06-23,24,300000,707153,,2025-10-17
Alex Aguado,CS Independiente Rivadavia,50000,1125758,2003-05-27,22,50000,1125758,,2025-10-17
Sebastián Villa,CS Independiente Rivadavia,5000000,493000,1996-05-19,29,5000000,493000,,2025-10-17
Santiago Muñoz,CS Independiente Rivadavia,150000,632614,1999-08-06,26,150000,632614,,2025-10-17
Nicolás Retamar,CS Independiente Rivadavia,600000,991849,1999-02-06,26,600000,991849,,2025-10-17
Matías Bergara,CS Independiente Rivadavia,325000,1071275,2004-01-14,21,325000,1071275,,2025-10-17
Fabrizio Sartori,CS Independiente Rivadavia,225000,978970,2002-07-15,23,225000,978970,,2025-10-17
Álex Arce,CS Independiente Rivadavia,4500000,970518,1995-06-16,30,4500000,970518,,2025-10-17
Juan Barbieri,CS Independiente Rivadavia,250000,984675,1996-09-17,29,250000,984675,,2025-10-17
Victorio Ramis,CS Independiente Rivadavia,175000,381065,1994-07-07,31,175000,381065,,2025-10-17
Manuel Roffo,Instituto ACC,3500000,491687,2000-04-04,25,3500000,491687,,2025-10-17
Joaquín Papaleo,Instituto ACC,200000,359231,1994-03-23,31,200000,359231,,2025-10-17
Gonzalo Requena,Instituto ACC,2200000,1120902,2003-03-04,22,2200000,1120902,,2025-10-17
Fernando Alarcón,Instituto ACC,1500000,376853,1994-06-16,31,1500000,376853,,2025-10-17
Nicolás Zalazar,Instituto ACC,350000,471640,1997-01-29,28,350000,471640,,2025-10-17
Leonel Mosevich,Instituto ACC,300000,407517,1997-02-04,28,300000,407517,,2025-10-17
Agustín Bravo,Instituto ACC,100000,868503,2001-05-11,24,100000,868503,,2025-10-17
Lucas Rodríguez,Instituto ACC,300000,171593,1993-09-27,32,300000,171593,,2025-10-17
Elías Pereyra,Instituto ACC,300000,576027,1999-02-15,26,300000,576027,,2025-10-17
Emanuel Beltrán,Instituto ACC,275000,539554,1998-01-23,27,275000,539554,,2025-10-17
Juan Franco,Instituto ACC,225000,331245,1992-02-10,33,225000,331245,,2025-10-17
Juan Ignacio Méndez,Instituto ACC,700000,508134,1997-04-28,28,700000,508134,,2025-10-17
Francis Mac Allister,Instituto ACC,400000,440380,1995-10-30,29,400000,440380,,2025-10-17
Stefano Moreyra,Instituto ACC,400000,830855,2001-09-19,24,400000,830855,,2025-10-17
Gastón Lodico,Instituto ACC,3800000,563878,1998-05-28,27,3800000,563878,,2025-10-17
Franco Díaz,Instituto ACC,500000,748060,2000-08-28,25,500000,748060,,2025-10-17
Alex Luna,Instituto ACC,3500000,843126,2004-03-31,21,3500000,843126,,2025-10-17
Damián Puebla,Instituto ACC,3000000,1106216,2002-09-15,23,3000000,1106216,,2025-10-17
Jeremías Lázaro,Instituto ACC,250000,1227286,2004-06-28,21,250000,1227286,,2025-10-17
Jonás Acevedo,Instituto ACC,1000000,538530,1997-02-06,28,1000000,538530,,2025-10-17
Jhon Córdoba,Instituto ACC,900000,628879,2000-07-15,25,900000,628879,,2025-10-17
Manuel Romero,Instituto ACC,450000,835677,2001-05-05,24,450000,835677,,2025-10-17
Facundo Suárez,Instituto ACC,700000,702259,1994-07-01,31,700000,702259,,2025-10-17
Luca Klimowicz,Instituto ACC,700000,1198161,2004-05-19,21,700000,1198161,,2025-10-17
Nicolás Cordero,Instituto ACC,500000,652948,1999-04-11,26,500000,652948,,2025-10-17
Matías Fonseca,Instituto ACC,350000,538919,2001-03-12,24,350000,538919,,2025-10-17
Marcos Ledesma,CA Barracas Central,1800000,344421,1996-09-15,29,1800000,344421,,2025-10-17
Marcelo Miño,CA Barracas Central,250000,508135,1997-08-21,28,250000,508135,,2025-10-17
Kevin Jappert,CA Barracas Central,2500000,1020837,2004-02-25,21,2500000,1020837,,2025-10-17
Nicolás Demartini,CA Barracas Central,800000,537257,1999-11-04,25,800000,537257,,2025-10-17
Nicolás Capraro,CA Barracas Central,500000,992818,1998-03-03,27,500000,992818,,2025-10-17
Yonatthan Rak,CA Barracas Central,400000,227781,1993-08-18,32,400000,227781,,2025-10-17
Fernando Tobio,CA Barracas Central,200000,69802,1989-10-18,35,200000,69802,,2025-10-17
Rodrigo Insúa,CA Barracas Central,1500000,721235,1997-12-16,27,1500000,721235,,2025-10-17
Rafael Barrios,CA Barracas Central,100000,334057,1993-05-23,32,100000,334057,,2025-10-17
Siro Rosané,CA Barracas Central,1000000,836253,2000-06-07,25,1000000,836253,,2025-10-17
Dylan Glaby,CA Barracas Central,700000,710779,1996-04-07,29,700000,710779,,2025-10-17
Dardo Miloc,CA Barracas Central,75000,118375,1990-10-16,35,75000,118375,,2025-10-17
Maximiliano Puig,CA Barracas Central,50000,888453,2000-09-18,25,50000,888453,,2025-10-17
Facundo Mater,CA Barracas Central,1200000,538774,1998-07-23,27,1200000,538774,,2025-10-17
Lucas López,CA Barracas Central,25000,668078,1998-04-28,27,25000,668078,,2025-10-17
Javier Ruiz,CA Barracas Central,3500000,1160106,2004-09-24,21,3500000,1160106,,2025-10-17
Iván Tapia,CA Barracas Central,1200000,697405,1998-11-23,26,1200000,697405,,2025-10-17
Manuel Duarte,CA Barracas Central,375000,891804,2001-08-23,24,375000,891804,,2025-10-17
Tomás Porra,CA Barracas Central,100000,856593,2004-01-09,21,100000,856593,,2025-10-17
Ignacio Tapia,CA Barracas Central,25000,850434,2004-09-01,21,25000,850434,,2025-10-17
Nahuel Barrios,CA Barracas Central,1200000,503377,1998-05-07,27,1200000,503377,,2025-10-17
Facundo Bruera,CA Barracas Central,1800000,538880,1998-09-23,27,1800000,538880,,2025-10-17
Gonzalo Morales,CA Barracas Central,1200000,1064936,2003-03-04,22,1200000,1064936,,2025-10-17
Jhonatan Candia,CA Barracas Central,700000,259917,1995-03-15,30,700000,259917,,2025-10-17
Facundo Krüger,CA Barracas Central,75000,755666,2000-06-05,25,75000,755666,,2025-10-17
Nicolás Blandi,CA Barracas Central,25000,153022,1990-01-13,35,25000,153022,,2025-10-17
Tomás Durso,CA Unión (Santa Fe),1700000,534625,1999-02-26,26,1700000,534625,,2025-10-17
Matías Tagliamonte,CA Unión (Santa Fe),1500000,552638,1998-02-19,27,1500000,552638,,2025-10-17
Fede Gomes,CA Unión (Santa Fe),100000,826528,2004-03-05,21,100000,826528,,2025-10-17
Valentín Fascendini,CA Unión (Santa Fe),1800000,1149559,2003-03-13,22,1800000,1149559,,2025-10-17
Nicolás Paz,CA Unión (Santa Fe),800000,991132,2002-10-16,23,800000,991132,,2025-10-17
Maizon Rodríguez,CA Unión (Santa Fe),750000,1049831,2003-05-22,22,750000,1049831,,2025-10-17
Fernando Díaz,CA Unión (Santa Fe),250000,1034645,2001-02-28,24,250000,1034645,,2025-10-17
Franco Godoy,CA Unión (Santa Fe),100000,579974,2000-06-28,25,100000,579974,,2025-10-17
Juan Pablo Ludueña,CA Unión (Santa Fe),100000,1103988,2003-02-11,22,100000,1103988,,2025-10-17
Mateo Del Blanco,CA Unión (Santa Fe),3500000,984529,2003-10-31,21,3500000,984529,,2025-10-17
Bruno Pittón,CA Unión (Santa Fe),400000,395216,1993-02-01,32,400000,395216,,2025-10-17
Claudio Corvalán,CA Unión (Santa Fe),225000,125108,1989-03-23,36,225000,125108,,2025-10-17
Lautaro Vargas,CA Unión (Santa Fe),3000000,1159650,2005-02-01,20,3000000,1159650,,2025-10-17
Emiliano Álvarez,CA Unión (Santa Fe),400000,836662,2001-02-06,24,400000,836662,,2025-10-17
Francisco Gerometta,CA Unión (Santa Fe),250000,745789,1999-09-01,26,250000,745789,,2025-10-17
Mauro Pittón,CA Unión (Santa Fe),2000000,376710,1994-08-08,31,2000000,376710,,2025-10-17
Rafael Profini,CA Unión (Santa Fe),1000000,1158799,2003-09-09,22,1000000,1158799,,2025-10-17
Mauricio Martínez,CA Unión (Santa Fe),450000,309388,1993-02-20,32,450000,309388,,2025-10-17
Ezequiel Cañete,CA Unión (Santa Fe),200000,746185,1999-06-17,26,200000,746185,,2025-10-17
Augusto Solari,CA Unión (Santa Fe),250000,282694,1992-01-03,33,250000,282694,,2025-10-17
Julián Palacios,CA Unión (Santa Fe),1000000,728262,1999-02-04,26,1000000,728262,,2025-10-17
Nicolás Palavecino,CA Unión (Santa Fe),200000,912504,2003-03-29,22,200000,912504,,2025-10-17
Franco Fragapane,CA Unión (Santa Fe),1000000,226005,1993-02-06,32,1000000,226005,,2025-10-17
Jerónimo Dómina,CA Unión (Santa Fe),2500000,1103986,2005-10-17,20,2500000,1103986,,2025-10-17
Marcelo Estigarribia,CA Unión (Santa Fe),1000000,610266,1995-04-10,30,1000000,610266,,2025-10-17
Agustín Colazo,CA Unión (Santa Fe),500000,842808,2000-11-15,24,500000,842808,,2025-10-17
Cristian Tarragona,CA Unión (Santa Fe),225000,422698,1991-04-09,34,225000,422698,,2025-10-17
Diego Díaz,CA Unión (Santa Fe),175000,1371326,2002-01-10,23,175000,1371326,,2025-10-17
Lucas Gamba,CA Unión (Santa Fe),125000,125906,1987-06-24,38,125000,125906,,2025-10-17
Lucas Acosta,CA Sarmiento (Junin),1200000,296799,1995-03-12,30,1200000,296799,,2025-10-17
José Devecchi,CA Sarmiento (Junin),600000,282684,1995-07-09,30,600000,282684,,2025-10-17
Renzo Orihuela,CA Sarmiento (Junin),800000,737892,2001-04-04,24,800000,737892,,2025-10-17
Santiago Morales,CA Sarmiento (Junin),175000,872785,2001-08-27,24,175000,872785,,2025-10-17
Juan Manuel Insaurralde,CA Sarmiento (Junin),100000,65072,1984-10-03,41,100000,65072,,2025-10-17
Facundo Roncaglia,CA Sarmiento (Junin),25000,61546,1987-02-10,38,25000,61546,,2025-10-17
Gabriel Díaz,CA Sarmiento (Junin),800000,906940,2000-04-19,25,800000,906940,,2025-10-17
Joel Godoy,CA Sarmiento (Junin),600000,1270723,2005-02-20,20,600000,1270723,,2025-10-17
Alex Vigo,CA Sarmiento (Junin),500000,648520,1999-04-28,26,500000,648520,,2025-10-17
Jeremías Vallejos,CA Sarmiento (Junin),100000,1227611,2003-04-14,22,100000,1227611,,2025-10-17
Manuel García,CA Sarmiento (Junin),700000,869941,1999-06-11,26,700000,869941,,2025-10-17
Elián Giménez,CA Sarmiento (Junin),700000,1290521,2004-03-23,21,700000,1290521,,2025-10-17
Carlos Villalba,CA Sarmiento (Junin),550000,652968,1998-07-19,27,550000,652968,,2025-10-17
Juan Andrada,CA Sarmiento (Junin),200000,457212,1995-01-04,30,200000,457212,,2025-10-17
Tomás Guiacobini,CA Sarmiento (Junin),200000,1253999,2004-05-19,21,200000,1253999,,2025-10-17
Federico Paradela,CA Sarmiento (Junin),75000,890130,2001-07-03,24,75000,890130,,2025-10-17
Jonatan Gómez,CA Sarmiento (Junin),125000,84377,1989-12-21,35,125000,84377,,2025-10-17
Gastón González,CA Sarmiento (Junin),1000000,689052,2001-06-27,24,1000000,689052,,2025-10-17
Yair Arismendi,CA Sarmiento (Junin),225000,440006,1998-04-05,27,225000,440006,,2025-10-17
Leandro Suhr,CA Sarmiento (Junin),400000,463444,1997-09-24,28,400000,463444,,2025-10-17
Julián Contrera,CA Sarmiento (Junin),400000,978967,2003-05-10,22,400000,978967,,2025-10-17
Jhon Rentería,CA Sarmiento (Junin),100000,1289854,2005-10-24,19,100000,1289854,,2025-10-17
Santiago Rodríguez,CA Sarmiento (Junin),1200000,439437,1997-08-23,28,1200000,439437,,2025-10-17
Joaquín Ardaiz,CA Sarmiento (Junin),600000,415550,1999-01-11,26,600000,415550,,2025-10-17
Franco Frías,CA Sarmiento (Junin),500000,858262,2002-03-17,23,500000,858262,,2025-10-17
Iván Morales,CA Sarmiento (Junin),350000,461608,1999-07-29,26,350000,461608,,2025-10-17
Pablo Magnin,CA Sarmiento (Junin),200000,144236,1990-04-25,35,200000,144236,,2025-10-17
Lucas Pratto,CA Sarmiento (Junin),150000,59596,1988-06-04,37,150000,59596,,2025-10-17
Agustín Molina,CA Sarmiento (Junin),50000,1234398,2006-07-09,19,50000,1234398,,2025-10-17
Ignacio Arce,Club Deportivo Riestra,1000000,131206,1992-02-08,33,1000000,131206,,2025-10-17
Nahuel Manganelli,Club Deportivo Riestra,50000,880019,2001-02-19,24,50000,880019,,2025-10-17
Miguel Barbieri,Club Deportivo Riestra,450000,431703,1993-08-24,32,450000,431703,,2025-10-17
Facundo Miño,Club Deportivo Riestra,450000,865442,1999-10-16,26,450000,865442,,2025-10-17
Nicolás Caro Torres,Club Deportivo Riestra,400000,538611,1995-05-04,30,400000,538611,,2025-10-17
Cristian Paz,Club Deportivo Riestra,400000,357338,1995-04-24,30,400000,357338,,2025-10-17
Juan Randazzo,Club Deportivo Riestra,275000,283398,1994-10-11,31,275000,283398,,2025-10-17
Eric Tovo,Club Deportivo Riestra,125000,697418,1992-03-06,33,125000,697418,,2025-10-17
Yeison Murillo,Club Deportivo Riestra,25000,439088,1993-11-15,31,25000,439088,,2025-10-17
Rodrigo Gallo,Club Deportivo Riestra,300000,852747,2000-11-04,24,300000,852747,,2025-10-17
Rodrigo Sayavedra,Club Deportivo Riestra,75000,696728,1995-07-21,30,75000,696728,,2025-10-17
Pedro Ramírez,Club Deportivo Riestra,600000,832088,2000-04-04,25,600000,832088,,2025-10-17
Yonatan Goitía,Club Deportivo Riestra,375000,553854,1994-02-08,31,375000,553854,,2025-10-17
Nicolás Sansotre,Club Deportivo Riestra,200000,441341,1993-09-08,32,200000,441341,,2025-10-17
Mariano Bracamonte,Club Deportivo Riestra,150000,662756,1999-04-24,26,150000,662756,,2025-10-17
Pablo Monje,Club Deportivo Riestra,250000,992605,1997-02-06,28,250000,992605,,2025-10-17
Milton Céliz,Club Deportivo Riestra,200000,260652,1992-07-25,33,200000,260652,,2025-10-17
Mateo Ramírez,Club Deportivo Riestra,50000,441277,1995-01-18,30,50000,441277,,2025-10-17
Ariel Muñoz,Club Deportivo Riestra,25000,981694,2000-07-21,25,25000,981694,,2025-10-17
Leonardo Landriel,Club Deportivo Riestra,25000,349747,1996-07-14,29,25000,349747,,2025-10-17
Nehuén Montoya,Club Deportivo Riestra,25000,873212,1998-02-11,27,25000,873212,,2025-10-17
Ángel Stringa,Club Deportivo Riestra,10000,988734,1996-04-06,29,10000,988734,,2025-10-17
Gabriel Obredor,Club Deportivo Riestra,50000,1118715,1997-01-06,28,50000,1118715,,2025-10-17
Braian Guille,Club Deportivo Riestra,225000,504884,1997-07-31,28,225000,504884,,2025-10-17
Santiago Vera,Club Deportivo Riestra,200000,539156,1998-12-12,26,200000,539156,,2025-10-17
Nicolás Benegas,Club Deportivo Riestra,600000,438926,1996-03-01,29,600000,438926,,2025-10-17
Antony Alonso,Club Deportivo Riestra,450000,844800,1998-05-11,27,450000,844800,,2025-10-17
Alexander Díaz,Club Deportivo Riestra,400000,618986,2000-03-22,25,400000,618986,,2025-10-17
Jonathan Herrera,Club Deportivo Riestra,375000,485880,1991-09-16,34,375000,485880,,2025-10-17
Franco Fagúndez,Club Deportivo Riestra,100000,997808,1998-12-14,26,100000,997808,,2025-10-17
